insert into web_users (username, password, name, role) values ('stu001', 'foobar', 'John Smith', 'Student')
insert into web_users (username, password, name, role) values ('stu002', 'foobar', 'Allan Thomas', 'Student')
insert into web_users (username, password, name, role) values ('admin', 'foobar', 'Alice Lee', 'Admin')
insert into schools (id, name, location) values (1,'School of Economics','Camperdown Campus')
insert into schools (id, name, location) values (2,'School of Languages and Cultures','Surry Hills Campus')
insert into schools (id, name, location) values (3,'School of Letters, Art, and Media','Camperdown Campus')
insert into schools (id, name, location) values (4,'School of Information Technologies','Surry Hills Campus')
insert into schools (id, name, location) values (5,'School of Aerospace, Mechanical and Mechatronic Engineering','Camperdown Campus')
insert into schools (id, name, location) values (6,'School of Civil Engineering','Camperdown Campus')
insert into courses (id, school_id, name, teacher, courseTime, credit) values (1,1,'Microeconomics','Emilio Bizzi','Tuesday 10am-11am',4)
insert into courses (id, school_id, name, teacher, courseTime, credit) values (2,1,'Macroeconomics','John Harbison','Wednesday 8am-10am',3)
insert into courses (id, school_id, name, teacher, courseTime, credit) values (3,1,'Principles of Economics','Robert S. Langer','Monday 8am-10am',2)
insert into courses (id, school_id, name, teacher, courseTime, credit) values (4,1,'Managerial Economics and Strategy','Barbara Liskov','Friday 1pm-3pm',2)
insert into courses (id, school_id, name, teacher, courseTime, credit) values (5,1,'Financial Markets','Sheila Widnall','Thursday 9am-11am',3)
insert into courses (id, school_id, name, teacher, courseTime, credit) values (6,1,'Transport Economics','Noam Chomsky','Wednesday 8am-10am',2)
insert into courses (id, school_id, name, teacher, courseTime, credit) values (7,1,'Economic Policy in Society','Robert M. Solow','Thursday 8am-10am',1)
insert into courses (id, school_id, name, teacher, courseTime, credit) values (8,1,'Environmental Economics','Manson Benedict','Monday 2pm-3pm',4)
insert into courses (id, school_id, name, teacher, courseTime, credit) values (9,2,'Australian Language Studies','Gordon S. Brown','Friday 3pm-5am',4)
insert into courses (id, school_id, name, teacher, courseTime, credit) values (10,2,'Australian Media','Iwan Barankay','Thursday 8am-10am',3)
insert into courses (id, school_id, name, teacher, courseTime, credit) values (11,2,'Performing Australia','Sigal Barsade','Wednesday 8am-10am',2)
insert into courses (id, school_id, name, teacher, courseTime, credit) values (12,2,'Natural Australia','Matthew Bidwell','Monday 9am-11am',2)
insert into courses (id, school_id, name, teacher, courseTime, credit) values (13,2,'Australianconversations','Peter Cappelli','Wednesday 3pm-4pm',3)
insert into courses (id, school_id, name, teacher, courseTime, credit) values (14,3,'Art History and Film Studies','Andrew Carton','Wednesday 5pm-6pm',2)
insert into courses (id, school_id, name, teacher, courseTime, credit) values (15,3,'Digital Cultures','Adam Cobb','Monday 8am-10am',1)
insert into courses (id, school_id, name, teacher, courseTime, credit) values (16,3,'Film Studies','Geoffrey Garrett','Friday 8am-10am',3)
insert into courses (id, school_id, name, teacher, courseTime, credit) values (17,3,'Linguistics','Tom Gerrity','Thursday 8am-10am',2)
insert into courses (id, school_id, name, teacher, courseTime, credit) values (18,3,'Media and Communications','Emilio Bizzi','Tuesday 10am-11am',1)
insert into courses (id, school_id, name, teacher, courseTime, credit) values (19,3,'Studies in Religion','John Harbison','Wednesday 8am-10am',4)
insert into courses (id, school_id, name, teacher, courseTime, credit) values (20,3,'Museum Studies','Robert S. Langer','Monday 8am-10am',4)
insert into courses (id, school_id, name, teacher, courseTime, credit) values (21,4,'Introduction to Software Engineering','Barbara Liskov','Friday 1pm-3pm',4)
insert into courses (id, school_id, name, teacher, courseTime, credit) values (22,4,'Introduction to Web Design','Sheila Widnall','Thursday 9am-11am',4)
insert into courses (id, school_id, name, teacher, courseTime, credit) values (23,4,'Discrete Mathematics','Noam Chomsky','Wednesday 8am-10am',4)
insert into courses (id, school_id, name, teacher, courseTime, credit) values (24,4,'Programming in the Large','Robert M. Solow','Thursday 8am-10am',3)
insert into courses (id, school_id, name, teacher, courseTime, credit) values (25,4,'Relational Database Systems','Manson Benedict','Monday 2pm-3pm',2)
insert into courses (id, school_id, name, teacher, courseTime, credit) values (26,4,'Operating Systems Architecture','Gordon S. Brown','Friday 3pm-5am',2)
insert into courses (id, school_id, name, teacher, courseTime, credit) values (27,4,'Artificial Intelligence','Iwan Barankay','Thursday 8am-10am',3)
insert into courses (id, school_id, name, teacher, courseTime, credit) values (28,4,'Service-Oriented Architectures','Sigal Barsade','Wednesday 8am-10am',2)
insert into courses (id, school_id, name, teacher, courseTime, credit) values (29,4,'Systems Analysis & Design','Matthew Bidwell','Monday 9am-11am',1)
insert into courses (id, school_id, name, teacher, courseTime, credit) values (30,4,'High-Performance Computing','Peter Cappelli','Wednesday 3pm-4pm',4)
insert into courses (id, school_id, name, teacher, courseTime, credit) values (31,5,'Engineering Design','Andrew Carton','Wednesday 5pm-6pm',4)
insert into courses (id, school_id, name, teacher, courseTime, credit) values (32,5,'Introduction to Electrical Systems','Adam Cobb','Monday 8am-10am',4)
insert into courses (id, school_id, name, teacher, courseTime, credit) values (33,5,'Calculus & Linear Algebra','Geoffrey Garrett','Friday 8am-10am',4)
insert into courses (id, school_id, name, teacher, courseTime, credit) values (34,5,'Aerospace Composites','Tom Gerrity','Thursday 8am-10am',3)
insert into courses (id, school_id, name, teacher, courseTime, credit) values (35,5,'Electromechanics & Electronics','Emilio Bizzi','Tuesday 10am-11am',2)
insert into courses (id, school_id, name, teacher, courseTime, credit) values (36,5,'Engineering Acoustics','John Harbison','Wednesday 8am-10am',2)
insert into courses (id, school_id, name, teacher, courseTime, credit) values (37,5,'Materials Selection','Robert S. Langer','Monday 8am-10am',3)
insert into courses (id, school_id, name, teacher, courseTime, credit) values (38,5,'Space Engineering','Barbara Liskov','Friday 1pm-3pm',2)
insert into courses (id, school_id, name, teacher, courseTime, credit) values (39,5,'Introduction to Fire Safety Engineering','Sheila Widnall','Thursday 9am-11am',1)
insert into courses (id, school_id, name, teacher, courseTime, credit) values (40,6,'Fluid Mechanics for Civil & Environmental Engineers','Noam Chomsky','Wednesday 8am-10am',4)
insert into courses (id, school_id, name, teacher, courseTime, credit) values (41,6,'Fundamentals of Soil Mechanics','Robert M. Solow','Thursday 8am-10am',4)
insert into courses (id, school_id, name, teacher, courseTime, credit) values (42,6,'Introduction to Structural Design','Manson Benedict','Monday 2pm-3pm',4)
insert into courses (id, school_id, name, teacher, courseTime, credit) values (43,6,'Catchment Hydrology','Gordon S. Brown','Friday 3pm-5am',3)
insert into courses (id, school_id, name, teacher, courseTime, credit) values (44,6,'Structural Design','Iwan Barankay','Thursday 8am-10am',2)
insert into courses (id, school_id, name, teacher, courseTime, credit) values (45,6,'Transportation Systems Engineering','Sigal Barsade','Wednesday 8am-10am',2)
insert into courses (id, school_id, name, teacher, courseTime, credit) values (46,6,'Introduction to Project Management','Matthew Bidwell','Monday 9am-11am',3)
insert into courses (id, school_id, name, teacher, courseTime, credit) values (47,6,'Civil Design','Peter Cappelli','Wednesday 3pm-4pm',2)
insert into courses (id, school_id, name, teacher, courseTime, credit) values (48,6,'Introduction to Project Management','Andrew Carton','Wednesday 5pm-6pm',1)
